cohort_idnumber,name,company_shortname,description
GV-STD01-2026,Standard 1 Cohort 2026,GV_SCHOOL,Sanitized Standard 1 demonstration cohort.
GV-STD02-2026,Standard 2 Cohort 2026,GV_SCHOOL,Sanitized Standard 2 demonstration cohort.
GV-STD03-2026,Standard 3 Cohort 2026,GV_SCHOOL,Sanitized Standard 3 demonstration cohort.
GV-STD04-2026,Standard 4 Cohort 2026,GV_SCHOOL,Sanitized Standard 4 demonstration cohort.
GV-STD05-2026,Standard 5 Cohort 2026,GV_SCHOOL,Sanitized Standard 5 demonstration cohort.
GV-STD06-2026,Standard 6 Cohort 2026,GV_SCHOOL,Sanitized Standard 6 demonstration cohort.
GV-STD07-2026,Standard 7 Cohort 2026,GV_SCHOOL,Sanitized Standard 7 demonstration cohort.
GV-STD08-2026,Standard 8 Cohort 2026,GV_SCHOOL,Sanitized Standard 8 demonstration cohort.
GV-STD09-2026,Standard 9 Cohort 2026,GV_SCHOOL,Sanitized Standard 9 demonstration cohort.
GV-STD10-2026,Standard 10 Cohort 2026,GV_SCHOOL,Sanitized Standard 10 demonstration cohort.
GV-STD11-2026,Standard 11 Cohort 2026,GV_SCHOOL,Sanitized Standard 11 demonstration cohort.
GV-STD12-2026,Standard 12 Cohort 2026,GV_SCHOOL,Sanitized Standard 12 demonstration cohort.
